Round,Pick_Number,Position_Target,Player_Recommendation,Alternative_1,Alternative_2,Reasoning
1,6,RB,Derrick Henry,Ashton Jeanty,Lamar Jackson,Elite RB production in non-PPR
1,19,WR,Nico Collins,Brian Thomas Jr,Malik Nabers,High-upside WR1 with target share
2,30,RB,Bucky Irving,Chase Brown,James Cook,Secure RB2 with upside
2,43,WR,Ladd McConkey,Tee Higgins,Drake London,Emerging WR with volume
3,54,QB,Jayden Daniels,Jalen Hurts,Joe Burrow,Rushing upside QB
3,67,FLEX,Chuba Hubbard,James Conner,Terry McLaurin,Positional value RB
4,78,TE,George Kittle,Brock Bowers,Trey McBride,Elite TE production
4,91,WR,Jaxon Smith-Njigba,Garrett Wilson,Rashee Rice,WR depth with upside
5,102,RB,Omarion Hampton,David Montgomery,RJ Harvey,Handcuff/depth RB
5,115,WR,Jameson Williams,Rome Odunze,Jerry Jeudy,Boom-or-bust WR4
6,126,FLEX,Tucker Kraft,Evan Engram,Josh Downs,TE depth or WR5
6,139,DEF,Denver Broncos,Philadelphia Eagles,Baltimore Ravens,Elite defense
7,150,K,Brandon Aubrey,Jake Bates,Cameron Dicker,Elite kicker
7,163,BENCH,TreVeyon Henderson,Kaleb Johnson,Quinshon Judkins,RB lottery ticket
8,174,BENCH,Matthew Golden,Emeka Egbuka,Luther Burden III,WR upside
8,187,BENCH,Bo Nix,Baker Mayfield,Kyler Murray,QB backup
9,198,BENCH,RJ Harvey,Najee Harris,Tyrone Tracy Jr,RB depth
9,211,BENCH,Christian Kirk,Jalen McMillan,Romeo Doubs,WR depth
10,222,BENCH,Tyler Warren,Colston Loveland,Hunter Henry,TE backup
10,235,BENCH,Will Reichard,Joshua Karty,Blake Grupe,K backup
